{
 "SPSR": {
  "colab": {
   "n": 80,
   "F_closed": 98.80516321596966,
   "F_open": 78.83345623487101,
   "sdf": NaN,
   "ncons": 0.7383007267873362,
   "parts_open": 32.56,
   "time": 4.199909222126007
  },
  "local": {
   "n": 80,
   "F_closed": 98.7713180720247,
   "F_open": 79.38578327008487,
   "sdf": NaN,
   "ncons": 0.7388344090903674,
   "parts_open": 31.893333333333334,
   "time": 4.564172038435936
  }
 },
 "BPA": {
  "colab": {
   "n": 80,
   "F_closed": 99.8945817729251,
   "F_open": 94.16197687841266,
   "sdf": NaN,
   "ncons": 0.8579652543984937,
   "parts_open": 1497.7466666666667,
   "time": 0.14495453536510466
  },
  "local": {
   "n": 80,
   "F_closed": 99.818562128013,
   "F_open": 94.34041398108549,
   "sdf": NaN,
   "ncons": 0.8584788483656123,
   "parts_open": 1497.3466666666666,
   "time": 0.10978995561599732
  }
 },
 "APSS": {
  "colab": {
   "n": 80,
   "F_closed": 96.86999923421979,
   "F_open": 77.35892715797536,
   "sdf": NaN,
   "ncons": 0.7393055334808809,
   "parts_open": 0.8,
   "time": 0.5717225881723257
  },
  "local": {
   "n": 80,
   "F_closed": 96.70032384162751,
   "F_open": 82.66676812182962,
   "sdf": NaN,
   "ncons": 0.7351793510790819,
   "parts_open": 0.8666666666666667,
   "time": 0.5400217097738514
  }
 },
 "RIMLS": {
  "colab": {
   "n": 80,
   "F_closed": 96.43414519519071,
   "F_open": 65.18726167592128,
   "sdf": NaN,
   "ncons": 0.8046861342886907,
   "parts_open": 0.6666666666666666,
   "time": 0.8544988805597479
  },
  "local": {
   "n": 80,
   "F_closed": 95.22278056077899,
   "F_open": 67.99790488382433,
   "sdf": NaN,
   "ncons": 0.8039899569384904,
   "parts_open": 0.6933333333333334,
   "time": 0.8469981185176916
  }
 },
 "tori": {
  "colab": {
   "n": 80,
   "F_closed": 77.70401844199259,
   "F_open": 81.25177508055303,
   "sdf": NaN,
   "ncons": 0.6193777149320331,
   "parts_open": 301.25333333333333,
   "time": 8.465140998363495
  },
  "local": {
   "n": 80,
   "F_closed": 77.91516331479036,
   "F_open": 81.92802110662724,
   "sdf": NaN,
   "ncons": 0.6195802644978304,
   "parts_open": 301.74666666666667,
   "time": 8.732889619469642
  }
 },
 "ours": {
  "colab": {
   "n": 80,
   "F_closed": 70.95384998998351,
   "F_open": 77.60577440702372,
   "sdf": NaN,
   "ncons": 0.5460930999697513,
   "parts_open": 1008.64,
   "time": 1.850968101620674
  },
  "local": {
   "n": 80,
   "F_closed": 81.95946687032747,
   "F_open": 85.61240706443714,
   "sdf": NaN,
   "ncons": 0.6479422186415122,
   "parts_open": 540.3866666666667,
   "time": 1.8389748811721802
  }
 }
}