{
 "cube": {
  "GT": {
   "chamfer": 1.4102401651745333,
   "fscore": 99.9949996999875,
   "time": 0.0,
   "faces": 12,
   "parts": 1
  },
  "SPSR": {
   "chamfer": 1.6782243075825976,
   "fscore": 97.03499125518745,
   "time": 6.640235662460327,
   "faces": 16728,
   "parts": 1
  },
  "BPA": {
   "chamfer": 1.4461665418478629,
   "fscore": 99.90492184802538,
   "time": 0.05553483963012695,
   "faces": 8069,
   "parts": 1
  },
  "APSS": {
   "chamfer": 1.483620171499115,
   "fscore": 99.60513961044293,
   "time": 0.7993474006652832,
   "faces": 142437,
   "parts": 1
  },
  "RIMLS": {
   "chamfer": 1.6488063147337078,
   "fscore": 97.57152574798164,
   "time": 1.1239144802093506,
   "faces": 148614,
   "parts": 1
  },
  "tori": {
   "chamfer": 10.997347087036497,
   "fscore": 68.15480874266696,
   "time": 8.012922763824463,
   "faces": 232850,
   "parts": 21
  },
  "ours": {
   "chamfer": 1.8184975341310423,
   "fscore": 96.81388544715263,
   "time": 2.129193067550659,
   "faces": 190554,
   "parts": 63
  }
 },
 "teapot": {
  "GT": {
   "chamfer": 0.6134682992636322,
   "fscore": 99.99999994999999,
   "time": 0.0,
   "faces": 6320,
   "parts": 3
  },
  "SPSR": {
   "chamfer": 0.8075147693258202,
   "fscore": 99.34068141358867,
   "time": 4.504640817642212,
   "faces": 22797,
   "parts": 2
  },
  "BPA": {
   "chamfer": 0.6907555097501511,
   "fscore": 99.9516432442589,
   "time": 0.0592188835144043,
   "faces": 7658,
   "parts": 63
  },
  "APSS": {
   "chamfer": 0.6892493316371503,
   "fscore": 99.99499992222083,
   "time": 0.2094106674194336,
   "faces": 43214,
   "parts": 1
  },
  "RIMLS": {
   "chamfer": 0.7210718374296864,
   "fscore": 99.99166592216434,
   "time": 0.3897228240966797,
   "faces": 45627,
   "parts": 1
  },
  "tori": {
   "chamfer": 5.053152925238253,
   "fscore": 67.56136319029575,
   "time": 11.048366069793701,
   "faces": 54438,
   "parts": 22
  },
  "ours": {
   "chamfer": 2.988253355683592,
   "fscore": 87.63999295937127,
   "time": 1.6936945915222168,
   "faces": 84132,
   "parts": 115
  }
 },
 "bunny": {
  "GT": {
   "chamfer": 0.7391961073876758,
   "fscore": 99.99999994999999,
   "time": 0.0,
   "faces": 69451,
   "parts": 1
  },
  "SPSR": {
   "chamfer": 0.8566881679554548,
   "fscore": 99.72759324511878,
   "time": 3.336132764816284,
   "faces": 23046,
   "parts": 2
  },
  "BPA": {
   "chamfer": 0.8598421140299666,
   "fscore": 99.85153417020447,
   "time": 0.059793710708618164,
   "faces": 7718,
   "parts": 4
  },
  "APSS": {
   "chamfer": 0.8075253258654784,
   "fscore": 99.65716192006496,
   "time": 0.4916365146636963,
   "faces": 79131,
   "parts": 1
  },
  "RIMLS": {
   "chamfer": 0.8641867072163985,
   "fscore": 99.63869926754381,
   "time": 0.8514714241027832,
   "faces": 82177,
   "parts": 1
  },
  "tori": {
   "chamfer": 4.6021733197951695,
   "fscore": 73.625679215452,
   "time": 7.673304319381714,
   "faces": 64958,
   "parts": 31
  },
  "ours": {
   "chamfer": 1.275185485448661,
   "fscore": 98.51150197978103,
   "time": 1.5947940349578857,
   "faces": 83746,
   "parts": 70
  }
 },
 "knurl": {
  "GT": {
   "chamfer": 1.0771422598530125,
   "fscore": 99.99999994999999,
   "time": 0.0,
   "faces": 32400,
   "parts": 1
  },
  "SPSR": {
   "chamfer": 1.6067114037246262,
   "fscore": 97.89145857053583,
   "time": 6.671133518218994,
   "faces": 24629,
   "parts": 2
  },
  "BPA": {
   "chamfer": 1.674465871868958,
   "fscore": 98.51131256525284,
   "time": 0.060120344161987305,
   "faces": 6355,
   "parts": 113
  },
  "APSS": {
   "chamfer": 1.2957495731371267,
   "fscore": 99.58668625305953,
   "time": 0.6954002380371094,
   "faces": 112528,
   "parts": 1
  },
  "RIMLS": {
   "chamfer": 1.5405890092410277,
   "fscore": 97.6021844367597,
   "time": 1.1719324588775635,
   "faces": 138033,
   "parts": 1
  },
  "tori": {
   "chamfer": 5.260531386182315,
   "fscore": 68.36262881984422,
   "time": 10.535565376281738,
   "faces": 186770,
   "parts": 139
  },
  "ours": {
   "chamfer": 2.7905518646884526,
   "fscore": 89.0799178697355,
   "time": 1.6947147846221924,
   "faces": 264560,
   "parts": 416
  }
 },
 "chair": {
  "GT": {
   "chamfer": 0.47503629891771126,
   "fscore": 99.99999994999999,
   "time": 0.0,
   "faces": 2996,
   "parts": 6
  },
  "SPSR": {
   "chamfer": 6.320810528335954,
   "fscore": 56.02188463319999,
   "time": 5.691605567932129,
   "faces": 62873,
   "parts": 29
  },
  "BPA": {
   "chamfer": 1.1626613135182085,
   "fscore": 98.3602113607737,
   "time": 0.05458569526672363,
   "faces": 1638,
   "parts": 2128
  },
  "APSS": {
   "chamfer": 0.7217378938368311,
   "fscore": 99.96665550185061,
   "time": 0.37367868423461914,
   "faces": 66863,
   "parts": 1
  },
  "RIMLS": {
   "chamfer": NaN,
   "fscore": 0.0,
   "time": NaN,
   "faces": 0,
   "parts": 0
  },
  "tori": {
   "chamfer": 6.726822179577368,
   "fscore": 66.56288219733378,
   "time": 8.311561107635498,
   "faces": 52058,
   "parts": 680
  },
  "ours": {
   "chamfer": 3.3296824934531415,
   "fscore": 98.24247370117419,
   "time": 1.7553577423095703,
   "faces": 75234,
   "parts": 526
  }
 },
 "guitar": {
  "GT": {
   "chamfer": 0.3508886035555118,
   "fscore": 99.99999994999999,
   "time": 0.0,
   "faces": 18434,
   "parts": 7
  },
  "SPSR": {
   "chamfer": 3.575178455702715,
   "fscore": 70.64783869528004,
   "time": 2.4511027336120605,
   "faces": 45052,
   "parts": 24
  },
  "BPA": {
   "chamfer": 0.8681172811940197,
   "fscore": 99.85646087732928,
   "time": 0.04936718940734863,
   "faces": 1556,
   "parts": 2168
  },
  "APSS": {
   "chamfer": 0.7099613722497481,
   "fscore": 99.99999994999999,
   "time": 0.17029953002929688,
   "faces": 37096,
   "parts": 1
  },
  "RIMLS": {
   "chamfer": 0.638455278731417,
   "fscore": 99.99999994999999,
   "time": 0.2881045341491699,
   "faces": 39023,
   "parts": 1
  },
  "tori": {
   "chamfer": 11.226796117742161,
   "fscore": 56.268100867539275,
   "time": 6.723721742630005,
   "faces": 28620,
   "parts": 314
  },
  "ours": {
   "chamfer": 3.485708997202567,
   "fscore": 95.92156762487237,
   "time": 1.554509162902832,
   "faces": 38080,
   "parts": 569
  }
 },
 "table": {
  "GT": {
   "chamfer": 0.7631641622256967,
   "fscore": 99.99999994999999,
   "time": 0.0,
   "faces": 5408,
   "parts": 15
  },
  "SPSR": {
   "chamfer": 7.175443800212224,
   "fscore": 54.38754533454212,
   "time": 3.2043590545654297,
   "faces": 50669,
   "parts": 42
  },
  "BPA": {
   "chamfer": 1.942306549658714,
   "fscore": 93.75503647410875,
   "time": 0.037634849548339844,
   "faces": 1257,
   "parts": 2420
  },
  "APSS": {
   "chamfer": 1.4892372987034788,
   "fscore": 98.27922348142108,
   "time": 0.4134345054626465,
   "faces": 88208,
   "parts": 1
  },
  "RIMLS": {
   "chamfer": 1.3307341520419353,
   "fscore": 98.84173784894959,
   "time": 0.7356414794921875,
   "faces": 97663,
   "parts": 1
  },
  "tori": {
   "chamfer": 4.8710068900727705,
   "fscore": 79.9268919583914,
   "time": 5.924247741699219,
   "faces": 100336,
   "parts": 386
  },
  "ours": {
   "chamfer": 13.267457424989098,
   "fscore": 64.39354132523091,
   "time": 1.7314558029174805,
   "faces": 181769,
   "parts": 413
  }
 }
}