{
 "cube": {
  "GT": {
   "chamfer": 1.4131291570534668,
   "fscore": 99.98999894989998,
   "time": 0.0,
   "faces": 12,
   "parts": 1
  },
  "SPSR": {
   "chamfer": 1.701185471510716,
   "fscore": 96.84560194437603,
   "time": 3.9791476726531982,
   "faces": 17009,
   "parts": 1
  },
  "BPA": {
   "chamfer": 1.4610358656439744,
   "fscore": 99.77294562686777,
   "time": 0.060872793197631836,
   "faces": 8076,
   "parts": 1
  },
  "tori": {
   "chamfer": 11.098712434787906,
   "fscore": 67.44838322054042,
   "time": 6.379553318023682,
   "faces": 236498,
   "parts": 23
  },
  "ours": {
   "chamfer": 1.7971315557427259,
   "fscore": 96.97922659839668,
   "time": 2.147653818130493,
   "faces": 189606,
   "parts": 61
  }
 },
 "teapot": {
  "GT": {
   "chamfer": 0.620112619577573,
   "fscore": 99.99999994999999,
   "time": 0.0,
   "faces": 6320,
   "parts": 3
  },
  "SPSR": {
   "chamfer": 0.8066764525139739,
   "fscore": 99.55805539395436,
   "time": 4.403144598007202,
   "faces": 22318,
   "parts": 2
  },
  "BPA": {
   "chamfer": 0.693784634992352,
   "fscore": 99.97332617032542,
   "time": 0.06696295738220215,
   "faces": 7627,
   "parts": 67
  },
  "tori": {
   "chamfer": 4.914841405766221,
   "fscore": 68.93840100331691,
   "time": 8.689568996429443,
   "faces": 53734,
   "parts": 11
  },
  "ours": {
   "chamfer": 3.0174845119867193,
   "fscore": 87.66861820224679,
   "time": 2.0616328716278076,
   "faces": 84544,
   "parts": 113
  }
 },
 "bunny": {
  "GT": {
   "chamfer": 0.7416212136941451,
   "fscore": 99.99999994999999,
   "time": 0.0,
   "faces": 69451,
   "parts": 1
  },
  "SPSR": {
   "chamfer": 0.859979802608309,
   "fscore": 99.63030490659078,
   "time": 3.4645144939422607,
   "faces": 22341,
   "parts": 1
  },
  "BPA": {
   "chamfer": 0.8590594835895936,
   "fscore": 99.82647951457871,
   "time": 0.0703585147857666,
   "faces": 7752,
   "parts": 4
  },
  "tori": {
   "chamfer": 4.697275795981259,
   "fscore": 73.09913068266377,
   "time": 6.539035320281982,
   "faces": 66096,
   "parts": 15
  },
  "ours": {
   "chamfer": 1.3532506614554394,
   "fscore": 98.6452244508369,
   "time": 1.824949026107788,
   "faces": 82906,
   "parts": 76
  }
 },
 "knurl": {
  "GT": {
   "chamfer": 1.0760531984525665,
   "fscore": 99.99999994999999,
   "time": 0.0,
   "faces": 32400,
   "parts": 1
  },
  "SPSR": {
   "chamfer": 1.627594347449937,
   "fscore": 97.90362096826318,
   "time": 3.449187994003296,
   "faces": 24455,
   "parts": 3
  },
  "BPA": {
   "chamfer": 1.6874467975746796,
   "fscore": 98.18712485736924,
   "time": 0.0639798641204834,
   "faces": 6310,
   "parts": 107
  },
  "tori": {
   "chamfer": 5.441458295431521,
   "fscore": 67.75787566339505,
   "time": 8.205286026000977,
   "faces": 190790,
   "parts": 145
  },
  "ours": {
   "chamfer": 3.0630696310327132,
   "fscore": 87.94681203753026,
   "time": 2.0073187351226807,
   "faces": 276312,
   "parts": 415
  }
 },
 "chair": {
  "GT": {
   "chamfer": 0.47405612923333346,
   "fscore": 99.99999994999999,
   "time": 0.0,
   "faces": 2996,
   "parts": 6
  },
  "SPSR": {
   "chamfer": 5.790599246426577,
   "fscore": 55.65819857414969,
   "time": 3.5610153675079346,
   "faces": 64236,
   "parts": 18
  },
  "BPA": {
   "chamfer": 1.1375167258684182,
   "fscore": 98.82297388005988,
   "time": 0.05913949012756348,
   "faces": 1605,
   "parts": 2134
  },
  "tori": {
   "chamfer": 6.455305306981255,
   "fscore": 66.75102577310149,
   "time": 8.131030082702637,
   "faces": 52898,
   "parts": 595
  },
  "ours": {
   "chamfer": 3.939165737470636,
   "fscore": 96.22172685004841,
   "time": 1.9764068126678467,
   "faces": 78452,
   "parts": 546
  }
 },
 "guitar": {
  "GT": {
   "chamfer": 0.3495312949993435,
   "fscore": 99.99999994999999,
   "time": 0.0,
   "faces": 18434,
   "parts": 7
  },
  "SPSR": {
   "chamfer": 5.563497207585609,
   "fscore": 64.27181826158994,
   "time": 3.2621240615844727,
   "faces": 44060,
   "parts": 36
  },
  "BPA": {
   "chamfer": 0.8569551193677811,
   "fscore": 99.89822981703152,
   "time": 0.05415201187133789,
   "faces": 1565,
   "parts": 2199
  },
  "tori": {
   "chamfer": 5.721627297455287,
   "fscore": 69.07567421505911,
   "time": 9.581510066986084,
   "faces": 23036,
   "parts": 295
  },
  "ours": {
   "chamfer": 11.021228233287692,
   "fscore": 83.84128767292879,
   "time": 1.7305841445922852,
   "faces": 47532,
   "parts": 551
  }
 },
 "table": {
  "GT": {
   "chamfer": 0.7594348705826549,
   "fscore": 99.99999994999999,
   "time": 0.0,
   "faces": 5408,
   "parts": 15
  },
  "SPSR": {
   "chamfer": 6.916792918936896,
   "fscore": 57.06168759191629,
   "time": 2.2943432331085205,
   "faces": 50090,
   "parts": 27
  },
  "BPA": {
   "chamfer": 1.8697666893116034,
   "fscore": 95.35483543582353,
   "time": 0.05084419250488281,
   "faces": 1345,
   "parts": 2322
  },
  "tori": {
   "chamfer": 5.106337974359021,
   "fscore": 80.57562543704803,
   "time": 8.458009719848633,
   "faces": 98853,
   "parts": 367
  },
  "ours": {
   "chamfer": 12.435674848151818,
   "fscore": 63.71190407874296,
   "time": 1.91196608543396,
   "faces": 183080,
   "parts": 416
  }
 }
}